name,how,n,per_year,hold,avg,win,pf,exc,atr,ate,etr,ete,ypos,ytot,p5,worst
01 터틀 20일 돌파,20일 고가 돌파 종가 확인 -> 다음날 매수 / 10일 저가 이탈 시 매도 / 손절 -10%,15176,2191.7888493475684,19.706576172904587,1.9531347603541918,30.43621507643648,1.3625083709879646,0.4733692991363502,1.2529910044747574,2.526101672965807,-0.06781832957981994,0.9162534956534174,6,8,-10.299999999999999,-34.341394335511986
02 터틀 55일 돌파,55일 고가 돌파 -> 매수 / 20일 저가 이탈 시 매도 / 손절 -10%,7798,1126.2236061684462,28.89740959220313,3.5187704985542667,26.34008720184663,1.529444434158315,1.0868059383588706,2.4184851626097745,4.344416711362894,0.29942352244725823,1.677652047537888,5,7,-10.373321991109165,-34.341394335511986
03 골든크로스 50/200,50일선이 200일선 상향 돌파 -> 매수 / 다시 하향 돌파 시 매도 / 손절 -15%,2229,321.9225978647687,93.6276357110812,10.330177040887232,27.90489008524002,2.0888460762997427,0.4320174122847925,8.541675879501133,11.460101273885915,0.9907895383400571,0.07900105446217635,5,7,-15.310813719815805,-37.89980346394792
04 골든크로스 20/60,20일선이 60일선 상향 돌파 -> 매수 / 하향 돌파 시 매도 / 손절 -10%,7945,1147.4540332147094,37.16979232221523,4.277980397173464,28.67212083071114,1.6992838863142445,1.024900839700777,4.197899450312512,4.346000735882872,1.3818836767261955,0.7216814792944102,4,7,-10.30000000000001,-36.2504132231405
05 60일선 종가 돌파,종가가 60일선을 아래에서 위로 돌파 -> 매수 / 종가가 60일선 아래로 내려가면 매도 / 손절 -10%,26989,3897.8775207591934,13.96072473970877,1.3454926088312098,21.18640927785394,1.3997426836759728,0.3792317470115541,1.0970477023563756,1.5436495127233196,0.2904786592908019,0.45002022612811265,4,7,-10.299999999999999,-30.06827094474154
06 224일선 종가 돌파,종가가 224일선 상향 돌파 -> 매수 / 종가가 224일선 아래로 내려가면 매도 / 손절 -10%,12618,1822.3505338078292,23.34395308289745,2.9039485176532898,16.191155492154067,1.7664527560285992,0.7454258165590992,1.1025947323927485,3.9388166019232593,-0.4153470859756634,1.4122836208104153,4,7,-10.299999999999999,-34.341394335511986
07 정배열 + 60선 눌림 양봉,60>112>224 정배열에서 60일선 3% 이내까지 눌린 양봉 -> 매수 / 60거래일 보유 / 손절 -10%,4827,697.1379003558719,33.56080381189145,4.097337739102428,32.93971410814171,1.6232331397459019,1.3147878238672321,3.246696331807682,4.621335124245491,0.8263738269040817,1.6156521541023166,5,7,-10.44588974617219,-22.130143540669856
08 52주 신고가 + 거래대금 2배,250일 고가 돌파 + 거래대금 평소 2배 -> 매수 / 20일 저가 이탈 시 매도 / 손절 -10%,3232,466.7805456702254,26.351175742574256,5.654333530246558,27.13490099009901,1.821671853086449,3.377941631074448,3.3877910334431505,6.6148682799932015,1.3786600510991724,4.225214265407583,5,7,-10.30000000000001,-32.36303856965117
09 볼린저 상단 돌파(추세),"종가가 볼린저 상단(20,2) 돌파 + 거래대금 1.5배 -> 매수 / 종가가 20일선 아래면 매도 / 손절 -10%",16708,2413.047449584816,13.124670816375389,1.2482573704133881,30.422552070864256,1.2622256582683133,0.38256760007994095,0.7265380353273825,1.6824418241876726,-0.002853855331192647,0.7033224443737335,6,8,-10.299999999999999,-34.341394335511986
10 볼린저 하단 이탈 후 복귀(반등),전날 종가가 하단 밖 -> 오늘 안으로 복귀 -> 매수 / 20일선 도달 시 매도 / 손절 -10% / 최대 20일,15612,2254.758007117438,7.811491160645657,1.1856131344689027,59.51831924160902,1.3459201755705403,0.8164339567572415,1.1376330916411623,1.2304654659907328,0.8471835553183232,0.7876888555121999,7,8,-10.299999999999999,-35.03837209302325
11 볼린저 스퀴즈 돌파,밴드 폭이 120일 중 하위 10%로 좁았다가 상단 돌파 -> 매수 / 20일선 아래면 매도 / 손절 -10%,5607,809.7891459074733,12.646869983948635,0.953892931124792,28.714107365792756,1.2278358121569155,0.1400235319171657,0.6957649401038647,1.1914237228622002,0.010646662800402598,0.2590768357927626,5,7,-10.299999999999999,-34.341394335511986
12 RSI(2) 과매도 (커너스),RSI(2)<5 + 종가>100일선 -> 매수 / RSI(2)>30이면 매도 / 손절 없음 / 최대 10일,9035,1304.8769276393832,2.6071942446043166,0.30650127786790254,57.84172661870504,1.1835059232409577,0.41936809049830437,0.19035160737790907,0.39204529810961974,0.34456703075488004,0.47445893442234865,6,7,-8.601039426523297,-47.748979591836736
13 Double 7s,종가>200일선 + 종가가 7일 최저 -> 매수 / 종가가 7일 최고면 매도 / 손절 없음 / 최대 20일,23337,3370.438612099644,8.758409392809702,0.9275912637596087,61.87599091571324,1.3042875946148629,0.4428937374115382,0.6559313614763915,1.1007620616997595,0.31903844854073277,0.5218458353199908,6,7,-16.540300917720273,-62.40045662100456
14 RSI(14) 30 상향 복귀,RSI(14)가 30 아래에서 30 위로 복귀 -> 매수 / RSI 50 도달 시 매도 / 손절 -10% / 최대 30일,7487,1081.3075326215896,10.006811807132364,1.6622390795386857,58.8353145452117,1.429588552558297,1.0977580248293763,2.356606104308791,0.9361891877913654,1.8890174725969748,0.27039466236855675,6,8,-10.299999999999999,-32.82064685228227
15 이격도 90 이하 반등,종가가 20일선의 90% 이하 + 양봉 -> 매수 / 20일선 도달 시 매도 / 손절 -10% / 최대 20일,7573,1093.7280545670226,7.045952726792552,1.2018659336968895,47.88062854879176,1.2305609244770592,0.8874087078972891,3.9832885108197296,-0.39495160070620444,3.7027418930946077,-0.7288769411392927,6,8,-10.447180547759869,-34.33298350824587
16 변동성 돌파 (래리 윌리엄스),당일 시가 + 0.5x(전일 고-저) 돌파 시 매수 -> 다음날 시가에 매도 (손절 없음),328919,47504.01927639383,1.0,0.0023998241567139375,44.02117238590656,1.0019679679124696,0.19799853347172916,-0.026322948885322925,0.027352479276631286,0.19282340138164053,0.2024943837176301,3,8,-5.0143876382404375,-46.27194388777554
17 변동성 돌파 + 5일선 위,위와 같고 전날 종가가 5일선 위일 때만 (손절 없음),153243,22132.07028469751,1.0,0.09931254499420558,44.942346469333025,1.0782124758282665,0.29474422536735795,0.08412626889396448,0.11230560543727437,0.30327261916092796,0.2874475098782731,5,8,-5.300000000000004,-46.27194388777554
18 3일 연속 하락 후 반등,3일 연속 하락 + 종가>200일선 -> 매수 / 3일 보유 / 손절 없음,24918,3598.7740213523134,2.0,-0.14855632905159794,45.07986194718677,0.9354178802696871,0.02536102574557688,-0.13199591315996054,-0.1582862064313558,0.06257463387313342,0.0034966084321004258,2,7,-9.265798350824586,-50.071689497716896
19 MACD 골든크로스,"MACD(12,26,9)가 0 아래에서 시그널선 상향 + 종가>60일선 -> 매수 / 시그널선 하향 시 매도 / 손절 -10%",4540,655.6880189798339,11.811453744493392,1.7054895062168096,34.40528634361233,1.4391899352731268,0.9467437172967443,0.5220999748502948,2.586098619646291,-0.06724501255683335,1.701294685305342,6,7,-10.299999999999999,-28.24486215538847
20 일목 구름 돌파,종가가 구름대 위로 돌파 -> 매수 / 종가가 기준선(26일) 아래면 매도 / 손절 -10%,18543,2678.066725978648,9.726311815779539,1.2667903729362913,32.211616243326326,1.390718940398564,0.717501053087645,0.6951681051960508,1.7217629440054727,0.24694871898656326,1.0920288091789467,5,7,-10.299999999999999,-34.341394335511986
21 스토캐스틱 과매도 교차,슬로우 %K가 20 아래에서 %D 상향 교차 -> 매수 / %K>80이면 매도 / 손절 -10% / 최대 30일,21320,3079.134045077106,13.078377110694184,0.5562609682946806,46.14446529080675,1.1081795067637512,-0.3090480761435964,1.0072432845368182,0.18734535818887127,0.2766395925066749,-0.7881562713650557,5,8,-10.462601626016266,-34.27058823529411
22 20일선 눌림목,"상승추세(종가>60선, 20선>60선)에서 20일선 2% 이내 양봉 -> 매수 / 종가가 20일선 -3% 아래면 매도 / 손절 -8%",15027,2170.2695729537368,11.522526119651294,0.6467351748140269,24.289612031676317,1.1796278213521512,-0.06218030404313042,0.6109214002629927,0.6786332259019444,0.010638300044258149,-0.1270372363952471,5,7,-8.299999999999997,-28.113294058620742
