rule,exit,ei,ntr,atr,nte,ate,wte,pfte,ypos,ytot
비교군: 조건 없이 아무 날,+5% 익절 / 손절-3% / 10일,0,105310,-0.3695235031649154,209496,-0.4944189628375062,34.96868675296903,0.771344174913112,0,7
비교군: 조건 없이 아무 날,+10% 익절 / 손절-5% / 20일,1,48131,-0.0696531973679659,104715,-0.16852878258935597,34.66074583393019,0.9516761212725499,3,7
비교군: 조건 없이 아무 날,+20% 익절 / 손절-8% / 40일,2,20599,0.5886534495967805,45985,0.6679457559656218,33.682722626943566,1.1214623066807128,6,7
비교군: 조건 없이 아무 날,20일 보유 / 손절-7%,3,23618,0.3839073268937144,40468,0.8977416926534155,31.773252940595036,1.189808021221719,6,7
비교군: 조건 없이 아무 날,60일 보유 / 손절-10%,4,9501,1.935409974807038,16450,1.930144250545557,27.282674772036476,1.2639084813625894,5,7
60일 신고가 + 거래대금 2배,+5% 익절 / 손절-3% / 10일,0,10235,-0.7264079731700515,14809,-0.8767734289941657,29.826456884327097,0.6238959999940094,0,7
60일 신고가 + 거래대금 2배,+10% 익절 / 손절-5% / 20일,1,8208,-0.45289772763526137,12275,-0.4072717276751338,32.651731160896134,0.8862944589358902,0,7
60일 신고가 + 거래대금 2배,+20% 익절 / 손절-8% / 40일,2,6020,0.33841502045783173,9113,0.5978999797921165,32.73345769779436,1.1075261051845748,5,7
60일 신고가 + 거래대금 2배,20일 보유 / 손절-7%,3,5253,0.4786381894052691,7395,1.192021728132896,27.450980392156865,1.2321350776130753,5,7
60일 신고가 + 거래대금 2배,60일 보유 / 손절-10%,4,3800,2.5711537234718977,5184,3.2105463917300647,26.543209876543212,1.4315116712715874,5,7
224선 상향돌파,+5% 익절 / 손절-3% / 10일,0,4225,-0.5440090045980323,7631,-0.5211203515564082,34.556414624557725,0.7577056054994238,1,7
224선 상향돌파,+10% 익절 / 손절-5% / 20일,1,3572,-0.5698740144147173,6616,-0.0816333457035574,35.928053204353084,0.975708703092488,2,7
224선 상향돌파,+20% 익절 / 손절-8% / 40일,2,2794,-0.5883847320337381,5228,0.7990508318430977,34.92731446059679,1.151509581652338,5,7
224선 상향돌파,20일 보유 / 손절-7%,3,3159,-0.5065495522923973,5771,0.9921783392544569,31.848899670767633,1.213153948865988,5,7
224선 상향돌파,60일 보유 / 손절-10%,4,2372,-0.07600083977163657,4236,3.2290896192747907,27.7148253068933,1.4514335265922875,4,7
224선 상향돌파 + 거래대금 2배,+5% 익절 / 손절-3% / 10일,0,1649,-0.7151174642767338,2936,-0.7185144101510201,31.57356948228883,0.6821969165973996,0,7
224선 상향돌파 + 거래대금 2배,+10% 익절 / 손절-5% / 20일,1,1610,-0.8468471855715307,2847,-0.31131808154995033,33.719704952581665,0.9108329539867692,2,7
224선 상향돌파 + 거래대금 2배,+20% 익절 / 손절-8% / 40일,2,1517,-0.8106003604590384,2665,0.48556069881881,33.20825515947467,1.0890095184174144,4,7
224선 상향돌파 + 거래대금 2배,20일 보유 / 손절-7%,3,1552,-0.5756346065028055,2702,0.930493413642335,28.682457438934122,1.187293554377292,4,7
224선 상향돌파 + 거래대금 2배,60일 보유 / 손절-10%,4,1425,0.18313511933781146,2446,3.8101286631327027,26.451349141455438,1.5190619480544019,5,7
112선 상향돌파,+5% 익절 / 손절-3% / 10일,0,7721,-0.46249797484948735,10362,-0.41709838102475205,36.016213086276785,0.8018537584871245,0,7
112선 상향돌파,+10% 익절 / 손절-5% / 20일,1,6475,-0.15484903125015853,8984,0.034265488810099734,36.67631344612644,1.0103035908269804,4,7
112선 상향돌파,+20% 익절 / 손절-8% / 40일,2,5055,0.5519962053815471,7034,1.1406366321285912,36.42308785897072,1.2212969641693285,5,7
112선 상향돌파,20일 보유 / 손절-7%,3,5694,0.4449353254336945,7761,1.3416950609807392,32.99832495812395,1.293785390404832,5,7
112선 상향돌파,60일 보유 / 손절-10%,4,4196,2.3733752794121754,5604,3.7543123386035564,28.4796573875803,1.526892255420338,6,7
112선 상향돌파 + 거래대금 2배,+5% 익절 / 손절-3% / 10일,0,3021,-0.6905779601647402,3888,-0.6428312979273497,32.79320987654321,0.7101966576868599,0,7
112선 상향돌파 + 거래대금 2배,+10% 익절 / 손절-5% / 20일,1,2930,-0.42055622135625165,3802,-0.25408584827832664,34.192530247238295,0.9267100876141736,3,7
112선 상향돌파 + 거래대금 2배,+20% 익절 / 손절-8% / 40일,2,2720,0.40136145439090015,3531,0.8748673742864286,34.77768337581422,1.1639778677224617,5,7
112선 상향돌파 + 거래대금 2배,20일 보유 / 손절-7%,3,2810,0.13555594856523598,3590,1.3133409162954917,30.139275766016716,1.271940402799407,4,7
112선 상향돌파 + 거래대금 2배,60일 보유 / 손절-10%,4,2553,1.8565247071940623,3229,3.7964660943108375,26.819448745741713,1.517008432379878,5,7
60선 상향돌파,+5% 익절 / 손절-3% / 10일,0,10972,-0.4541002145133826,14284,-0.42812162378975394,36.06132735928311,0.7962062647583718,0,7
60선 상향돌파,+10% 익절 / 손절-5% / 20일,1,9231,-0.16075389477071428,12370,-0.003886628239748965,36.192400970088926,0.9988388791584261,3,7
60선 상향돌파,+20% 익절 / 손절-8% / 40일,2,7161,0.5173173058610148,9502,1.0832852404629514,36.01347084824248,1.2088372946433967,4,7
60선 상향돌파,20일 보유 / 손절-7%,3,8114,0.4415906647893747,10608,1.2939657789001415,32.927978883861236,1.2850089215535165,5,7
60선 상향돌파,60일 보유 / 손절-10%,4,5828,2.363344836931364,7310,3.4080967212720545,28.919288645690834,1.4790562156766172,5,7
60선 상향돌파 + 거래대금 2배,+5% 익절 / 손절-3% / 10일,0,4044,-0.6616506670610989,5183,-0.6081040557941303,33.22400154350762,0.723889186486833,0,7
60선 상향돌파 + 거래대금 2배,+10% 익절 / 손절-5% / 20일,1,3931,-0.20702879345318198,5075,-0.14602158492548512,34.54187192118226,0.9576751946785832,3,7
60선 상향돌파 + 거래대금 2배,+20% 익절 / 손절-8% / 40일,2,3680,0.5797761361221455,4734,0.9585455288394892,34.748626953950144,1.1805627155619811,4,7
60선 상향돌파 + 거래대금 2배,20일 보유 / 손절-7%,3,3786,0.29626261554813194,4821,1.3560345326238383,30.221945654428538,1.2834969991610776,5,7
60선 상향돌파 + 거래대금 2배,60일 보유 / 손절-10%,4,3428,2.384232196561014,4278,3.603308707332099,27.302477793361383,1.493035764154527,5,7
224선 위 근접(3%) + 224선 상승,+5% 익절 / 손절-3% / 10일,0,3646,-0.4225219523850712,7039,-0.3553659466261908,37.33484870009944,0.8282280000601279,1,7
224선 위 근접(3%) + 224선 상승,+10% 익절 / 손절-5% / 20일,1,2473,-0.2817742118521735,4849,0.020875692040955154,37.03856465250567,1.006339551569144,3,7
224선 위 근접(3%) + 224선 상승,+20% 익절 / 손절-8% / 40일,2,1727,-0.285622917965036,3391,0.716221281421096,35.59421999410203,1.1373083315487913,4,7
224선 위 근접(3%) + 224선 상승,20일 보유 / 손절-7%,3,2103,-0.16803677020900543,3880,0.731608661102131,33.659793814432994,1.1637111558607904,5,7
224선 위 근접(3%) + 224선 상승,60일 보유 / 손절-10%,4,1396,0.8581927170536924,2594,2.8091889788562314,29.37548188126446,1.4019079404416026,4,7
정배열 + 60선 근접(3%) 양봉,+5% 익절 / 손절-3% / 10일,0,4917,-0.3754767526419971,7651,-0.2671011016929444,38.08652463730232,0.8682123161100017,2,7
정배열 + 60선 근접(3%) 양봉,+10% 익절 / 손절-5% / 20일,1,3343,-0.07890250183940688,5516,0.14964556580281602,37.744742567077594,1.0459279261635994,3,7
정배열 + 60선 근접(3%) 양봉,+20% 익절 / 손절-8% / 40일,2,2328,0.634931596418939,3960,1.413640857941683,38.08080808080808,1.280398394535792,6,7
정배열 + 60선 근접(3%) 양봉,20일 보유 / 손절-7%,3,2838,0.509202487176913,4614,1.572320780047234,35.32726484612051,1.3583394805401698,4,7
정배열 + 60선 근접(3%) 양봉,60일 보유 / 손절-10%,4,1840,3.246696331807682,2987,4.82411932843379,31.771007700033476,1.7124737296518,6,7
정배열 + 112선 근접(3%) 양봉,+5% 익절 / 손절-3% / 10일,0,3130,-0.3068721625226361,4893,-0.3212468366487625,37.54342938892295,0.8427912001054306,1,7
정배열 + 112선 근접(3%) 양봉,+10% 익절 / 손절-5% / 20일,1,2208,-0.05306564667664282,3616,-0.01149179893752781,36.58738938053097,0.9965321769818205,4,7
정배열 + 112선 근접(3%) 양봉,+20% 익절 / 손절-8% / 40일,2,1579,0.6004202168210282,2672,1.096504627074064,37.462574850299404,1.217220683653234,5,7
정배열 + 112선 근접(3%) 양봉,20일 보유 / 손절-7%,3,1887,0.40726898333699646,3043,1.262224511764923,35.09694380545515,1.2895593580439457,5,7
정배열 + 112선 근접(3%) 양봉,60일 보유 / 손절-10%,4,1341,3.8415636253470105,2152,4.187375582843309,31.319702602230482,1.6158304371062504,6,7
RSI 30 이하 + 양봉,+5% 익절 / 손절-3% / 10일,0,8491,-0.18358555939417767,9528,-0.3851648119740624,36.53442485306465,0.815083524596749,2,8
RSI 30 이하 + 양봉,+10% 익절 / 손절-5% / 20일,1,7210,0.27691327163206375,8129,-0.22469799759450054,35.29339402140484,0.9339946689289799,6,8
RSI 30 이하 + 양봉,+20% 익절 / 손절-8% / 40일,2,6106,1.4337473923101867,6875,0.10710780630372041,33.22181818181818,1.019754375469518,6,8
RSI 30 이하 + 양봉,20일 보유 / 손절-7%,3,6371,2.2845354787092496,7289,-0.3114783827423811,31.609274248868157,0.9337718157285827,6,8
RSI 30 이하 + 양봉,60일 보유 / 손절-10%,4,5046,6.1949393443036485,5682,0.7296564265487501,27.19112988384372,1.1001048084707301,5,8
20선 -10% 이탈 + 양봉,+5% 익절 / 손절-3% / 10일,0,4139,-0.036345819223751775,6784,-0.4875750513303937,34.920400943396224,0.7755948329589506,4,8
20선 -10% 이탈 + 양봉,+10% 익절 / 손절-5% / 20일,1,3573,1.1515649843210547,5881,-0.2361506043059367,33.85478660091821,0.9339613176410053,5,8
20선 -10% 이탈 + 양봉,+20% 익절 / 손절-8% / 40일,2,3077,3.577682695020974,5157,-0.27056713153525036,30.114407601318593,0.9539319493806837,7,8
20선 -10% 이탈 + 양봉,20일 보유 / 손절-7%,3,3003,5.808851073320265,5227,-0.8990726518287376,24.296919839295963,0.8366926269276511,6,8
20선 -10% 이탈 + 양봉,60일 보유 / 손절-10%,4,2654,11.383126843617905,4326,-1.7676264386681642,18.146093388811835,0.7910873850481471,5,8
60일 저점 5% 이내 + 양봉,+5% 익절 / 손절-3% / 10일,0,10940,-0.22743702084694384,13074,-0.1950280319942662,39.53648462597521,0.899873861042614,1,7
60일 저점 5% 이내 + 양봉,+10% 익절 / 손절-5% / 20일,1,8167,-0.08099131805297971,9657,0.07628889419856416,37.97245521383452,1.0240222996806563,3,7
60일 저점 5% 이내 + 양봉,+20% 익절 / 손절-8% / 40일,2,5924,0.054960955200692926,7022,0.429836827111988,35.57391056679009,1.0836323443874025,4,7
60일 저점 5% 이내 + 양봉,20일 보유 / 손절-7%,3,7097,0.1992897137628056,8328,0.1354269920139672,35.84293948126801,1.0322423661925304,4,7
60일 저점 5% 이내 + 양봉,60일 보유 / 손절-10%,4,4891,1.2142155381877042,5713,1.3855671868672517,30.054262208997024,1.202777055090491,5,7
거래대금 3배 + 5% 이상 양봉 + 60선 위,+5% 익절 / 손절-3% / 10일,0,7932,-0.7646557808137227,12231,-0.9084318449143963,29.286239882266372,0.6137640204902289,0,7
거래대금 3배 + 5% 이상 양봉 + 60선 위,+10% 익절 / 손절-5% / 20일,1,7453,-0.3044545810089608,11558,-0.39832509526077114,32.410451635231006,0.8896956029952114,0,7
거래대금 3배 + 5% 이상 양봉 + 60선 위,+20% 익절 / 손절-8% / 40일,2,6228,0.2840490721534592,9570,0.5741625568420153,32.215256008359454,1.1020294005115572,4,7
거래대금 3배 + 5% 이상 양봉 + 60선 위,20일 보유 / 손절-7%,3,5386,0.5276348541119552,7856,1.105468501512632,26.031059063136457,1.2102343600653558,5,7
거래대금 3배 + 5% 이상 양봉 + 60선 위,60일 보유 / 손절-10%,4,4102,2.882142843719428,5750,2.685764247033823,24.382608695652173,1.3482112173361456,5,7
정배열 + 5일선 위 첫 양봉(20선 아래→위),+5% 익절 / 손절-3% / 10일,0,5499,-0.39379717744028425,10579,-0.5135459901307807,34.91823423764061,0.7619462445096512,0,7
정배열 + 5일선 위 첫 양봉(20선 아래→위),+10% 익절 / 손절-5% / 20일,1,4573,0.10872975438048602,9239,-0.122795025947365,35.02543565320922,0.9642624582865961,3,7
정배열 + 5일선 위 첫 양봉(20선 아래→위),+20% 익절 / 손절-8% / 40일,2,3404,0.8744634955671868,6984,0.8995414811039857,34.87972508591065,1.16787125371573,5,7
정배열 + 5일선 위 첫 양봉(20선 아래→위),20일 보유 / 손절-7%,3,3911,1.036957267422378,7772,1.178153751883841,29.876479670612454,1.2421570113607365,5,7
정배열 + 5일선 위 첫 양봉(20선 아래→위),60일 보유 / 손절-10%,4,2523,3.374238752531314,4777,3.8751089216168593,27.65333891563743,1.529707602461258,5,7
52주(250일) 신고가 돌파,+5% 익절 / 손절-3% / 10일,0,6039,-0.5235433064383579,14960,-0.7938230533189549,30.955882352941178,0.6553383242043064,0,7
52주(250일) 신고가 돌파,+10% 익절 / 손절-5% / 20일,1,4060,-0.08738597206089788,10669,-0.40695822273834287,32.60849189239854,0.8870567956219964,1,7
52주(250일) 신고가 돌파,+20% 익절 / 손절-8% / 40일,2,2618,0.960299318272642,6905,0.5310691321299362,32.324402606806665,1.0939652918052947,5,7
52주(250일) 신고가 돌파,20일 보유 / 손절-7%,3,2232,1.5213351973333868,5325,1.5095420117947065,26.309859154929576,1.2881217260580633,5,7
52주(250일) 신고가 돌파,60일 보유 / 손절-10%,4,1442,3.927887331358435,3309,4.416579949215054,25.89906316107585,1.5858447891844505,6,7
120일 신고가 + 정배열,+5% 익절 / 손절-3% / 10일,0,5721,-0.5394786398347232,13176,-0.7739608100645221,31.215846994535518,0.6624537931575475,0,7
120일 신고가 + 정배열,+10% 익절 / 손절-5% / 20일,1,3836,-0.13555617995742372,9331,-0.35698196872625193,32.986818133104705,0.900357307365951,2,7
120일 신고가 + 정배열,+20% 익절 / 손절-8% / 40일,2,2495,0.8535504333883891,6029,0.5476817323936144,32.526123735279484,1.097229177627349,5,7
120일 신고가 + 정배열,20일 보유 / 손절-7%,3,2177,1.2096947259599635,4713,1.2788353606606417,27.180140038192235,1.2469197368485019,5,7
120일 신고가 + 정배열,60일 보유 / 손절-10%,4,1402,3.47296241309074,2943,4.193957475815169,26.061841658171936,1.557519936513534,5,7
5일 -10% 이상 하락 + 224선 위 + 양봉,+5% 익절 / 손절-3% / 10일,0,784,-0.25355161933952086,2837,-0.7617162742849966,31.406415227352834,0.6691335794588692,1,7
5일 -10% 이상 하락 + 224선 위 + 양봉,+10% 익절 / 손절-5% / 20일,1,751,0.12992458690868414,2689,-0.51400355624764,32.20528077352176,0.8605113521086669,4,7
5일 -10% 이상 하락 + 224선 위 + 양봉,+20% 익절 / 손절-8% / 40일,2,722,0.6755244458747605,2567,-0.5337895303884478,28.905336969224777,0.91174664605695,4,7
5일 -10% 이상 하락 + 224선 위 + 양봉,20일 보유 / 손절-7%,3,709,0.3106614725601758,2504,-0.6981273078520244,20.686900958466452,0.8798703660929199,4,7
5일 -10% 이상 하락 + 224선 위 + 양봉,60일 보유 / 손절-10%,4,630,1.4659903178268425,2113,0.9924543937203933,19.167061050638903,1.1180512461636034,4,7
갭상승 3% + 거래대금 2배 + 60선 위,+5% 익절 / 손절-3% / 10일,0,3585,-0.5786803935407064,7275,-0.8834227336941907,29.305841924398624,0.6270592582438634,0,7
갭상승 3% + 거래대금 2배 + 60선 위,+10% 익절 / 손절-5% / 20일,1,3461,-0.3781438183341128,6931,-0.34114514431015536,32.52055980378012,0.9058988317901997,0,7
갭상승 3% + 거래대금 2배 + 60선 위,+20% 익절 / 손절-8% / 40일,2,3100,-0.03281656274070082,5968,0.38713578517075814,31.434316353887397,1.0674142169667857,3,7
갭상승 3% + 거래대금 2배 + 60선 위,20일 보유 / 손절-7%,3,2820,0.36294811829790535,5100,0.8282986293907192,23.941176470588236,1.1508981704891579,3,7
갭상승 3% + 거래대금 2배 + 60선 위,60일 보유 / 손절-10%,4,2308,2.9408159684834287,3944,2.4011385988333456,21.779918864097365,1.2991190933825183,5,7
